variant,size_mb,time_ms,test_loss,test_acc,test_precision,test_recall,test_f1,test_auc
baseline,42.71235179901123,341.6389685000013,0.5858901143074036,0.7836538461538461,0.744721689059501,0.9948717948717949,0.8518111964873765,0.9465483234714005
pruned_0.3,42.71235179901123,313.13655500000095,0.8841700553894043,0.7035256410256411,0.6782608695652174,1.0,0.8082901554404145,0.9420227920227919
pruned_0.3+quant_int8,42.710211753845215,303.22103550000065,0.8836849331855774,0.7035256410256411,0.6782608695652174,1.0,0.8082901554404145,0.9419953977646285
