epoch,train_loss,val_loss,train_acc,val_acc
1,0.21906197605440852,0.09205856074199632,0.9141465914915428,0.9700956937799043
2,0.10895752817483954,0.07404405392568421,0.9656586365966171,0.9820574162679426
3,0.0876990111189757,0.06539345094589172,0.9715530497180933,0.9820574162679426
4,0.07412039088543321,0.060052121747974994,0.9764223475140953,0.9832535885167464
5,0.062286803846201694,0.062869163760398,0.9818042029728344,0.9844497607655502
6,0.04825895702844241,0.056380172449819466,0.9859046642747309,0.9868421052631579
7,0.04039939219651163,0.06020562226034666,0.9843669912865197,0.9856459330143541
8,0.04081631964358852,0.0731059216001692,0.9866735007688365,0.9844497607655502
9,0.04927500449579026,0.06764573012952935,0.9851358277806254,0.9844497607655502
