epoch,train_loss,val_loss,train_acc,val_acc
1,0.17427071609885478,0.06656734090022466,0.9359302921578677,0.9820574162679426
2,0.07535042326714171,0.06042978295159561,0.9779600205023065,0.9844497607655502
3,0.035870102967028736,0.07822252106335428,0.9889800102511532,0.9677033492822966
4,0.040759765081676336,0.05659696935563935,0.9866735007688365,0.9832535885167464
5,0.021546096006860634,0.05273496402164542,0.9946181445412609,0.9856459330143541
6,0.020458626872420952,0.04943239122049245,0.9941055868785238,0.9880382775119617
7,0.019276723719619932,0.06565387913886095,0.9928241927216812,0.9880382775119617
8,0.016442333771770852,0.06010409721056931,0.9943618657098924,0.9868421052631579
9,0.008094659621493803,0.09246515427555467,0.9964120963608406,0.9844497607655502
